file,frames,avg_latency_ms,min_latency_ms,max_latency_ms,p95_latency_ms,avg_fps
mini squat_side_sub1_1.db3,555,0.2004497327950892,0.09989994578063488,4.380400059744716,0.368300126865506,4988.781905846965
